[
    {
        "layout_dets": [
            {
                "category_id": 1,
                "poly": [
                    1673,
                    827,
                    2397,
                    827,
                    2397,
                    1151,
                    1673,
                    1151
                ],
                "score": 0.9646022319793701
            },
            {
                "category_id": 5,
                "poly": [
                    273.7347412109375,
                    413.672119140625,
                    1656.423583984375,
                    413.672119140625,
                    1656.423583984375,
                    827.0681762695312,
                    273.7347412109375,
                    827.0681762695312
                ],
                "score": 0.9423915147781372,
                "html": "<table><tr><td>工序基准</td><td>定位基准</td><td>△D</td></tr><tr><td>H尺寸：O</td><td>圆心</td><td>△B=0,△w≠0</td></tr><tr><td>H尺寸：下母线</td><td>圆心</td><td>△B≠0,△w≠0</td></tr><tr><td>H2尺寸：上母线</td><td>圆心</td><td>△B≠0,△w≠0</td></tr></table>"
            },
            {
                "category_id": 1,
                "poly": [
                    274,
                    317,
                    2324,
                    317,
                    2324,
                    385,
                    274,
                    385
                ],
                "score": 0.9286839962005615
            },
            {
                "category_id": 3,
                "poly": [
                    271.1866455078125,
                    856.4862060546875,
                    1537.68310546875,
                    856.4862060546875,
                    1537.68310546875,
                    1495.5728759765625,
                    271.1866455078125,
                    1495.5728759765625
                ],
                "score": 0.8238089680671692
            },
            {
                "category_id": 0,
                "poly": [
                    232.28111267089844,
                    41.201080322265625,
                    1742.607421875,
                    41.201080322265625,
                    1742.607421875,
                    147.39833068847656,
                    232.28111267089844,
                    147.39833068847656
                ],
                "score": 0.8220515251159668
            },
            {
                "category_id": 0,
                "poly": [
                    250.51673889160156,
                    192.4924774169922,
                    1242.438720703125,
                    192.4924774169922,
                    1242.438720703125,
                    287.3127746582031,
                    250.51673889160156,
                    287.3127746582031
                ],
                "score": 0.8000885248184204
            },
            {
                "category_id": 1,
                "poly": [
                    1771,
                    1276,
                    2196,
                    1276,
                    2196,
                    1490,
                    1771,
                    1490
                ],
                "score": 0.7865386009216309
            },
            {
                "category_id": 1,
                "poly": [
                    66,
                    497,
                    175,
                    497,
                    175,
                    1366,
                    66,
                    1366
                ],
                "score": 0.7619060277938843
            },
            {
                "category_id": 0,
                "poly": [
                    248.28567504882812,
                    192.8208770751953,
                    1964.98681640625,
                    192.8208770751953,
                    1964.98681640625,
                    285.2376403808594,
                    248.28567504882812,
                    285.2376403808594
                ],
                "score": 0.6517590880393982
            },
            {
                "category_id": 0,
                "poly": [
                    1510.958251953125,
                    196.7515411376953,
                    1961.0137939453125,
                    196.7515411376953,
                    1961.0137939453125,
                    279.82220458984375,
                    1510.958251953125,
                    279.82220458984375
                ],
                "score": 0.5174113512039185
            },
            {
                "category_id": 14,
                "poly": [
                    1753,
                    486,
                    2250,
                    486,
                    2250,
                    779,
                    1753,
                    779
                ],
                "score": 0.95,
                "latex": "\\Delta _ { \\mathrm { { w } } } ~ = ~ { \\frac { T _ { D } } { 2 \\sin { \\frac { \\alpha } { 2 } } } }"
            },
            {
                "category_id": 14,
                "poly": [
                    230,
                    1504,
                    2410,
                    1504,
                    2410,
                    1757,
                    230,
                    1757
                ],
                "score": 0.74,
                "latex": "\\Delta _ { p _ { i } } = \\Delta _ { { \\bf r } _ { 1 } } = \\frac { T _ { p } } { 2 s \\sin \\frac { \\alpha } { 2 } } { \\Delta _ { p _ { 2 } } } = \\Delta _ { { \\bf r } _ { 2 } } - \\Delta _ { p _ { 2 } } = \\frac { T _ { p } } { 2 } \\left( \\frac { 1 } { \\sin \\frac { \\alpha } { 2 } } - 1 \\right) \\Delta _ { p _ { 3 } } = \\Delta _ { { \\bf r } _ { 3 } } + \\Delta _ { p _ { 3 } } = \\frac { T _ { p } } { 2 } \\left( \\frac { 1 } { \\sin \\frac { \\alpha } { 2 } } + 1 \\right)"
            },
            {
                "category_id": 14,
                "poly": [
                    1742,
                    1092,
                    1903,
                    1092,
                    1903,
                    1150,
                    1742,
                    1150
                ],
                "score": 0.64,
                "latex": "\\tt a = 9 0 ^ { \\circ }"
            },
            {
                "category_id": 14,
                "poly": [
                    1186,
                    539,
                    1351,
                    539,
                    1351,
                    601,
                    1186,
                    601
                ],
                "score": 0.55,
                "latex": "\\triangle _ { B } = 0"
            },
            {
                "category_id": 14,
                "poly": [
                    293,
                    749,
                    377,
                    749,
                    377,
                    823,
                    293,
                    823
                ],
                "score": 0.5,
                "latex": "H _ { 2 }"
            },
            {
                "category_id": 15,
                "poly": [
                    1469.0,
                    877.0,
                    1491.0,
                    877.0,
                    1491.0,
                    892.0,
                    1469.0,
                    892.0
                ],
                "score": 0.997,
                "text": "2"
            },
            {
                "category_id": 15,
                "poly": [
                    1461.0,
                    885.0,
                    1488.0,
                    885.0,
                    1488.0,
                    906.0,
                    1461.0,
                    906.0
                ],
                "score": 0.557,
                "text": "1"
            },
            {
                "category_id": 15,
                "poly": [
                    341.0,
                    1230.0,
                    392.0,
                    1230.0,
                    392.0,
                    1287.0,
                    341.0,
                    1287.0
                ],
                "score": 0.996,
                "text": "B"
            },
            {
                "category_id": 15,
                "poly": [
                    776.0,
                    1234.0,
                    814.0,
                    1234.0,
                    814.0,
                    1278.0,
                    776.0,
                    1278.0
                ],
                "score": 0.999,
                "text": "B"
            },
            {
                "category_id": 16,
                "poly": [
                    452.0,
                    1269.0,
                    518.0,
                    1269.0,
                    518.0,
                    1352.0,
                    452.0,
                    1352.0
                ],
                "score": 0.378,
                "text": "&"
            },
            {
                "category_id": 16,
                "poly": [
                    476.0,
                    1340.0,
                    531.0,
                    1340.0,
                    531.0,
                    1396.0,
                    476.0,
                    1396.0
                ],
                "score": 0.25,
                "text": "A"
            },
            {
                "category_id": 15,
                "poly": [
                    460.0,
                    1436.0,
                    519.0,
                    1436.0,
                    519.0,
                    1505.0,
                    460.0,
                    1505.0
                ],
                "score": 0.762,
                "text": "a）"
            },
            {
                "category_id": 15,
                "poly": [
                    886.0,
                    1436.0,
                    942.0,
                    1436.0,
                    942.0,
                    1502.0,
                    886.0,
                    1502.0
                ],
                "score": 0.839,
                "text": "b)"
            },
            {
                "category_id": 15,
                "poly": [
                    1317.0,
                    1438.0,
                    1375.0,
                    1438.0,
                    1375.0,
                    1502.0,
                    1317.0,
                    1502.0
                ],
                "score": 0.732,
                "text": "c）"
            },
            {
                "category_id": 15,
                "poly": [
                    218.0,
                    28.0,
                    1754.0,
                    28.0,
                    1754.0,
                    161.0,
                    218.0,
                    161.0
                ],
                "score": 0.999,
                "text": "5.3.3定位误差的分析与计算"
            },
            {
                "category_id": 15,
                "poly": [
                    239.0,
                    179.0,
                    1250.0,
                    179.0,
                    1250.0,
                    297.0,
                    239.0,
                    297.0
                ],
                "score": 0.999,
                "text": "3、定位误差的计算事例"
            },
            {
                "category_id": 15,
                "poly": [
                    234.0,
                    180.0,
                    1974.0,
                    180.0,
                    1974.0,
                    296.0,
                    234.0,
                    296.0
                ],
                "score": 0.974,
                "text": "3、定位误差的计算事例（V形块定位）"
            },
            {
                "category_id": 15,
                "poly": [
                    1500.0,
                    183.0,
                    1970.0,
                    183.0,
                    1970.0,
                    292.0,
                    1500.0,
                    292.0
                ],
                "score": 0.94,
                "text": "（V形块定位）"
            },
            {
                "category_id": 15,
                "poly": [
                    1671.0,
                    822.0,
                    2401.0,
                    822.0,
                    2401.0,
                    902.0,
                    1671.0,
                    902.0
                ],
                "score": 0.986,
                "text": "随着α角度增大，△w减小，"
            },
            {
                "category_id": 15,
                "poly": [
                    1676.0,
                    912.0,
                    2392.0,
                    912.0,
                    2392.0,
                    988.0,
                    1676.0,
                    988.0
                ],
                "score": 0.994,
                "text": "但当α过大，引起工件水平"
            },
            {
                "category_id": 15,
                "poly": [
                    1672.0,
                    996.0,
                    2357.0,
                    996.0,
                    2357.0,
                    1078.0,
                    1672.0,
                    1078.0
                ],
                "score": 1.0,
                "text": "方向上定位不稳定。一般"
            },
            {
                "category_id": 15,
                "poly": [
                    1672.0,
                    1088.0,
                    1741.0,
                    1088.0,
                    1741.0,
                    1156.0,
                    1672.0,
                    1156.0
                ],
                "score": 1.0,
                "text": "取"
            },
            {
                "category_id": 16,
                "poly": [
                    1904.0,
                    1088.0,
                    1913.0,
                    1088.0,
                    1913.0,
                    1156.0,
                    1904.0,
                    1156.0
                ],
                "score": 0.0,
                "text": ""
            },
            {
                "category_id": 15,
                "poly": [
                    272.0,
                    309.0,
                    2334.0,
                    309.0,
                    2334.0,
                    397.0,
                    272.0,
                    397.0
                ],
                "score": 0.998,
                "text": "定位基准为外圆的中心，工序基准分别为外圆中心、下母线、上母线。"
            },
            {
                "category_id": 15,
                "poly": [
                    1767.0,
                    1275.0,
                    2199.0,
                    1275.0,
                    2199.0,
                    1350.0,
                    1767.0,
                    1350.0
                ],
                "score": 0.999,
                "text": "定位误差的大小"
            },
            {
                "category_id": 15,
                "poly": [
                    1950.0,
                    1348.0,
                    2028.0,
                    1348.0,
                    2028.0,
                    1421.0,
                    1950.0,
                    1421.0
                ],
                "score": 1.0,
                "text": "与"
            },
            {
                "category_id": 15,
                "poly": [
                    1792.0,
                    1419.0,
                    2182.0,
                    1419.0,
                    2182.0,
                    1496.0,
                    1792.0,
                    1496.0
                ],
                "score": 1.0,
                "text": "标注方法有关"
            },
            {
                "category_id": 15,
                "poly": [
                    55.0,
                    486.0,
                    189.0,
                    486.0,
                    189.0,
                    1377.0,
                    55.0,
                    1377.0
                ],
                "score": 0.953,
                "text": "第五章 机床夹具设计"
            }
        ],
        "page_info": {
            "page_no": 0,
            "width": 2560,
            "height": 1840
        }
    }
]