{
    "pdf_info": [
        {
            "preproc_blocks": [
                {
                    "type": "title",
                    "bbox": [
                        139,
                        24,
                        1042,
                        88
                    ],
                    "lines": [
                        {
                            "bbox": [
                                130,
                                16,
                                1049,
                                96
                            ],
                            "spans": [
                                {
                                    "bbox": [
                                        130,
                                        16,
                                        1049,
                                        96
                                    ],
                                    "score": 0.999,
                                    "content": "5.3.3定位误差的分析与计算",
                                    "type": "text"
                                }
                            ],
                            "index": 0
                        }
                    ],
                    "index": 0
                },
                {
                    "type": "title",
                    "bbox": [
                        148,
                        115,
                        1175,
                        171
                    ],
                    "lines": [
                        {
                            "bbox": [
                                140,
                                107,
                                1181,
                                177
                            ],
                            "spans": [
                                {
                                    "bbox": [
                                        140,
                                        107,
                                        1181,
                                        177
                                    ],
                                    "score": 0.974,
                                    "content": "3、定位误差的计算事例（V形块定位）",
                                    "type": "text"
                                }
                            ],
                            "index": 1
                        }
                    ],
                    "index": 1
                },
                {
                    "type": "text",
                    "bbox": [
                        163,
                        189,
                        1390,
                        230
                    ],
                    "lines": [
                        {
                            "bbox": [
                                162,
                                184,
                                1396,
                                237
                            ],
                            "spans": [
                                {
                                    "bbox": [
                                        162,
                                        184,
                                        1396,
                                        237
                                    ],
                                    "score": 0.998,
                                    "content": "定位基准为外圆的中心，工序基准分别为外圆中心、下母线、上母线。",
                                    "type": "text"
                                }
                            ],
                            "index": 2
                        }
                    ],
                    "index": 2
                },
                {
                    "type": "table",
                    "bbox": [
                        163,
                        247,
                        991,
                        494
                    ],
                    "blocks": [
                        {
                            "type": "table_body",
                            "bbox": [
                                163,
                                247,
                                991,
                                494
                            ],
                            "group_id": 0,
                            "lines": [
                                {
                                    "bbox": [
                                        163,
                                        247,
                                        991,
                                        494
                                    ],
                                    "spans": [
                                        {
                                            "bbox": [
                                                163,
                                                247,
                                                991,
                                                494
                                            ],
                                            "score": 0.9423915147781372,
                                            "html": "<table><tr><td>工序基准</td><td>定位基准</td><td>△D</td></tr><tr><td>H尺寸：O</td><td>圆心</td><td>△B=0,△w≠0</td></tr><tr><td>H尺寸：下母线</td><td>圆心</td><td>△B≠0,△w≠0</td></tr><tr><td>H2尺寸：上母线</td><td>圆心</td><td>△B≠0,△w≠0</td></tr></table>",
                                            "type": "table",
                                            "image_path": "e5af7ef85954987f5493bd97ad02731083263e3e1b4b4bc1dd357f7758db9c82.jpg"
                                        }
                                    ]
                                }
                            ],
                            "index": 4,
                            "virtual_lines": [
                                {
                                    "bbox": [
                                        163,
                                        247,
                                        991,
                                        329.3333333333333
                                    ],
                                    "spans": [],
                                    "index": 3
                                },
                                {
                                    "bbox": [
                                        163,
                                        329.3333333333333,
                                        991,
                                        411.66666666666663
                                    ],
                                    "spans": [],
                                    "index": 4
                                },
                                {
                                    "bbox": [
                                        163,
                                        411.66666666666663,
                                        991,
                                        493.99999999999994
                                    ],
                                    "spans": [],
                                    "index": 5
                                }
                            ]
                        }
                    ],
                    "index": 4
                },
                {
                    "type": "image",
                    "bbox": [
                        162,
                        512,
                        920,
                        895
                    ],
                    "blocks": [
                        {
                            "type": "image_body",
                            "bbox": [
                                162,
                                512,
                                920,
                                895
                            ],
                            "group_id": 0,
                            "lines": [
                                {
                                    "bbox": [
                                        162,
                                        512,
                                        920,
                                        895
                                    ],
                                    "spans": [
                                        {
                                            "bbox": [
                                                162,
                                                512,
                                                920,
                                                895
                                            ],
                                            "score": 0.8238089680671692,
                                            "type": "image",
                                            "image_path": "54bdd09b0b57d607b17817b0877a24d711a6fd9e902c3ad833fd09d43d92305e.jpg"
                                        }
                                    ]
                                }
                            ],
                            "index": 9,
                            "virtual_lines": [
                                {
                                    "bbox": [
                                        162,
                                        512,
                                        920,
                                        566.7142857142857
                                    ],
                                    "spans": [],
                                    "index": 6
                                },
                                {
                                    "bbox": [
                                        162,
                                        566.7142857142857,
                                        920,
                                        621.4285714285713
                                    ],
                                    "spans": [],
                                    "index": 7
                                },
                                {
                                    "bbox": [
                                        162,
                                        621.4285714285713,
                                        920,
                                        676.142857142857
                                    ],
                                    "spans": [],
                                    "index": 8
                                },
                                {
                                    "bbox": [
                                        162,
                                        676.142857142857,
                                        920,
                                        730.8571428571427
                                    ],
                                    "spans": [],
                                    "index": 9
                                },
                                {
                                    "bbox": [
                                        162,
                                        730.8571428571427,
                                        920,
                                        785.5714285714283
                                    ],
                                    "spans": [],
                                    "index": 10
                                },
                                {
                                    "bbox": [
                                        162,
                                        785.5714285714283,
                                        920,
                                        840.285714285714
                                    ],
                                    "spans": [],
                                    "index": 12
                                },
                                {
                                    "bbox": [
                                        162,
                                        840.285714285714,
                                        920,
                                        894.9999999999997
                                    ],
                                    "spans": [],
                                    "index": 13
                                }
                            ]
                        }
                    ],
                    "index": 9
                },
                {
                    "type": "text",
                    "bbox": [
                        39,
                        297,
                        104,
                        817
                    ],
                    "lines": [
                        {
                            "bbox": [
                                32,
                                290,
                                113,
                                824
                            ],
                            "spans": [
                                {
                                    "bbox": [
                                        32,
                                        290,
                                        113,
                                        824
                                    ],
                                    "score": 0.953,
                                    "content": "第五章 机床夹具设计",
                                    "type": "text"
                                }
                            ],
                            "index": 11
                        }
                    ],
                    "index": 11
                },
                {
                    "type": "interline_equation",
                    "bbox": [
                        1049,
                        290,
                        1346,
                        466
                    ],
                    "lines": [
                        {
                            "bbox": [
                                1049,
                                290,
                                1346,
                                466
                            ],
                            "spans": [
                                {
                                    "bbox": [
                                        1049,
                                        290,
                                        1346,
                                        466
                                    ],
                                    "score": 0.95,
                                    "content": "\\Delta _ { \\mathrm { { w } } } ~ = ~ { \\frac { T _ { D } } { 2 \\sin { \\frac { \\alpha } { 2 } } } }",
                                    "type": "interline_equation",
                                    "image_path": "a7e9bb8820f091fd72bd33676fdbc9d52c35e581c5f001b4bd9a1379493164f0.jpg"
                                }
                            ]
                        }
                    ],
                    "index": 14.5,
                    "virtual_lines": [
                        {
                            "bbox": [
                                1049,
                                290,
                                1346,
                                378.0
                            ],
                            "spans": [],
                            "index": 14
                        },
                        {
                            "bbox": [
                                1049,
                                378.0,
                                1346,
                                466.0
                            ],
                            "spans": [],
                            "index": 15
                        }
                    ]
                },
                {
                    "type": "text",
                    "bbox": [
                        1001,
                        494,
                        1434,
                        688
                    ],
                    "lines": [
                        {
                            "bbox": [
                                999,
                                491,
                                1436,
                                539
                            ],
                            "spans": [
                                {
                                    "bbox": [
                                        999,
                                        491,
                                        1436,
                                        539
                                    ],
                                    "score": 0.986,
                                    "content": "随着α角度增大，△w减小，",
                                    "type": "text"
                                }
                            ],
                            "index": 16
                        },
                        {
                            "bbox": [
                                1002,
                                545,
                                1431,
                                591
                            ],
                            "spans": [
                                {
                                    "bbox": [
                                        1002,
                                        545,
                                        1431,
                                        591
                                    ],
                                    "score": 0.994,
                                    "content": "但当α过大，引起工件水平",
                                    "type": "text"
                                }
                            ],
                            "index": 17
                        },
                        {
                            "bbox": [
                                1000,
                                596,
                                1410,
                                645
                            ],
                            "spans": [
                                {
                                    "bbox": [
                                        1000,
                                        596,
                                        1410,
                                        645
                                    ],
                                    "score": 1.0,
                                    "content": "方向上定位不稳定。一般",
                                    "type": "text"
                                }
                            ],
                            "index": 18
                        },
                        {
                            "bbox": [
                                1000,
                                651,
                                1138,
                                691
                            ],
                            "spans": [
                                {
                                    "bbox": [
                                        1000,
                                        651,
                                        1041,
                                        691
                                    ],
                                    "score": 1.0,
                                    "content": "取",
                                    "type": "text"
                                },
                                {
                                    "bbox": [
                                        1042,
                                        653,
                                        1138,
                                        688
                                    ],
                                    "score": 0.64,
                                    "content": "\\tt a = 9 0 ^ { \\circ }",
                                    "type": "inline_equation",
                                    "image_path": "6a537aca6003e0e75bd973323b3d29054402a5d5e8ec40e91acce3fc3de6507e.jpg"
                                }
                            ],
                            "index": 19
                        }
                    ],
                    "index": 17.5
                },
                {
                    "type": "text",
                    "bbox": [
                        1059,
                        763,
                        1314,
                        891
                    ],
                    "lines": [
                        {
                            "bbox": [
                                1057,
                                763,
                                1315,
                                807
                            ],
                            "spans": [
                                {
                                    "bbox": [
                                        1057,
                                        763,
                                        1315,
                                        807
                                    ],
                                    "score": 0.999,
                                    "content": "定位误差的大小",
                                    "type": "text"
                                }
                            ],
                            "index": 20
                        },
                        {
                            "bbox": [
                                1166,
                                806,
                                1213,
                                850
                            ],
                            "spans": [
                                {
                                    "bbox": [
                                        1166,
                                        806,
                                        1213,
                                        850
                                    ],
                                    "score": 1.0,
                                    "content": "与",
                                    "type": "text"
                                }
                            ],
                            "index": 21
                        },
                        {
                            "bbox": [
                                1072,
                                849,
                                1305,
                                895
                            ],
                            "spans": [
                                {
                                    "bbox": [
                                        1072,
                                        849,
                                        1305,
                                        895
                                    ],
                                    "score": 1.0,
                                    "content": "标注方法有关",
                                    "type": "text"
                                }
                            ],
                            "index": 22
                        }
                    ],
                    "index": 21
                },
                {
                    "type": "interline_equation",
                    "bbox": [
                        137,
                        900,
                        1442,
                        1051
                    ],
                    "lines": [
                        {
                            "bbox": [
                                137,
                                900,
                                1442,
                                1051
                            ],
                            "spans": [
                                {
                                    "bbox": [
                                        137,
                                        900,
                                        1442,
                                        1051
                                    ],
                                    "score": 0.74,
                                    "content": "\\Delta _ { p _ { i } } = \\Delta _ { { \\bf r } _ { 1 } } = \\frac { T _ { p } } { 2 s \\sin \\frac { \\alpha } { 2 } } { \\Delta _ { p _ { 2 } } } = \\Delta _ { { \\bf r } _ { 2 } } - \\Delta _ { p _ { 2 } } = \\frac { T _ { p } } { 2 } \\left( \\frac { 1 } { \\sin \\frac { \\alpha } { 2 } } - 1 \\right) \\Delta _ { p _ { 3 } } = \\Delta _ { { \\bf r } _ { 3 } } + \\Delta _ { p _ { 3 } } = \\frac { T _ { p } } { 2 } \\left( \\frac { 1 } { \\sin \\frac { \\alpha } { 2 } } + 1 \\right)",
                                    "type": "interline_equation",
                                    "image_path": "ffe572834a86ee5b51f76b78ba27f5daed8ee8d6ad32d1290776d3a8ac1c02a0.jpg"
                                }
                            ]
                        }
                    ],
                    "index": 24,
                    "virtual_lines": [
                        {
                            "bbox": [
                                137,
                                900,
                                1442,
                                950.3333333333334
                            ],
                            "spans": [],
                            "index": 23
                        },
                        {
                            "bbox": [
                                137,
                                950.3333333333334,
                                1442,
                                1000.6666666666667
                            ],
                            "spans": [],
                            "index": 24
                        },
                        {
                            "bbox": [
                                137,
                                1000.6666666666667,
                                1442,
                                1051.0
                            ],
                            "spans": [],
                            "index": 25
                        }
                    ]
                }
            ],
            "page_idx": 0,
            "page_size": [
                1532,
                1101
            ],
            "discarded_blocks": [],
            "para_blocks": [
                {
                    "type": "title",
                    "bbox": [
                        139,
                        24,
                        1042,
                        88
                    ],
                    "lines": [
                        {
                            "bbox": [
                                130,
                                16,
                                1049,
                                96
                            ],
                            "spans": [
                                {
                                    "bbox": [
                                        130,
                                        16,
                                        1049,
                                        96
                                    ],
                                    "score": 0.999,
                                    "content": "5.3.3定位误差的分析与计算",
                                    "type": "text"
                                }
                            ],
                            "index": 0
                        }
                    ],
                    "index": 0
                },
                {
                    "type": "title",
                    "bbox": [
                        148,
                        115,
                        1175,
                        171
                    ],
                    "lines": [
                        {
                            "bbox": [
                                140,
                                107,
                                1181,
                                177
                            ],
                            "spans": [
                                {
                                    "bbox": [
                                        140,
                                        107,
                                        1181,
                                        177
                                    ],
                                    "score": 0.974,
                                    "content": "3、定位误差的计算事例（V形块定位）",
                                    "type": "text"
                                }
                            ],
                            "index": 1
                        }
                    ],
                    "index": 1
                },
                {
                    "type": "text",
                    "bbox": [
                        163,
                        189,
                        1390,
                        230
                    ],
                    "lines": [
                        {
                            "bbox": [
                                162,
                                184,
                                1396,
                                237
                            ],
                            "spans": [
                                {
                                    "bbox": [
                                        162,
                                        184,
                                        1396,
                                        237
                                    ],
                                    "score": 0.998,
                                    "content": "定位基准为外圆的中心，工序基准分别为外圆中心、下母线、上母线。",
                                    "type": "text"
                                }
                            ],
                            "index": 2
                        }
                    ],
                    "index": 2,
                    "bbox_fs": [
                        162,
                        184,
                        1396,
                        237
                    ]
                },
                {
                    "type": "table",
                    "bbox": [
                        163,
                        247,
                        991,
                        494
                    ],
                    "blocks": [
                        {
                            "type": "table_body",
                            "bbox": [
                                163,
                                247,
                                991,
                                494
                            ],
                            "group_id": 0,
                            "lines": [
                                {
                                    "bbox": [
                                        163,
                                        247,
                                        991,
                                        494
                                    ],
                                    "spans": [
                                        {
                                            "bbox": [
                                                163,
                                                247,
                                                991,
                                                494
                                            ],
                                            "score": 0.9423915147781372,
                                            "html": "<table><tr><td>工序基准</td><td>定位基准</td><td>△D</td></tr><tr><td>H尺寸：O</td><td>圆心</td><td>△B=0,△w≠0</td></tr><tr><td>H尺寸：下母线</td><td>圆心</td><td>△B≠0,△w≠0</td></tr><tr><td>H2尺寸：上母线</td><td>圆心</td><td>△B≠0,△w≠0</td></tr></table>",
                                            "type": "table",
                                            "image_path": "e5af7ef85954987f5493bd97ad02731083263e3e1b4b4bc1dd357f7758db9c82.jpg"
                                        }
                                    ]
                                }
                            ],
                            "index": 4,
                            "virtual_lines": [
                                {
                                    "bbox": [
                                        163,
                                        247,
                                        991,
                                        329.3333333333333
                                    ],
                                    "spans": [],
                                    "index": 3
                                },
                                {
                                    "bbox": [
                                        163,
                                        329.3333333333333,
                                        991,
                                        411.66666666666663
                                    ],
                                    "spans": [],
                                    "index": 4
                                },
                                {
                                    "bbox": [
                                        163,
                                        411.66666666666663,
                                        991,
                                        493.99999999999994
                                    ],
                                    "spans": [],
                                    "index": 5
                                }
                            ]
                        }
                    ],
                    "index": 4
                },
                {
                    "type": "image",
                    "bbox": [
                        162,
                        512,
                        920,
                        895
                    ],
                    "blocks": [
                        {
                            "type": "image_body",
                            "bbox": [
                                162,
                                512,
                                920,
                                895
                            ],
                            "group_id": 0,
                            "lines": [
                                {
                                    "bbox": [
                                        162,
                                        512,
                                        920,
                                        895
                                    ],
                                    "spans": [
                                        {
                                            "bbox": [
                                                162,
                                                512,
                                                920,
                                                895
                                            ],
                                            "score": 0.8238089680671692,
                                            "type": "image",
                                            "image_path": "54bdd09b0b57d607b17817b0877a24d711a6fd9e902c3ad833fd09d43d92305e.jpg"
                                        }
                                    ]
                                }
                            ],
                            "index": 9,
                            "virtual_lines": [
                                {
                                    "bbox": [
                                        162,
                                        512,
                                        920,
                                        566.7142857142857
                                    ],
                                    "spans": [],
                                    "index": 6
                                },
                                {
                                    "bbox": [
                                        162,
                                        566.7142857142857,
                                        920,
                                        621.4285714285713
                                    ],
                                    "spans": [],
                                    "index": 7
                                },
                                {
                                    "bbox": [
                                        162,
                                        621.4285714285713,
                                        920,
                                        676.142857142857
                                    ],
                                    "spans": [],
                                    "index": 8
                                },
                                {
                                    "bbox": [
                                        162,
                                        676.142857142857,
                                        920,
                                        730.8571428571427
                                    ],
                                    "spans": [],
                                    "index": 9
                                },
                                {
                                    "bbox": [
                                        162,
                                        730.8571428571427,
                                        920,
                                        785.5714285714283
                                    ],
                                    "spans": [],
                                    "index": 10
                                },
                                {
                                    "bbox": [
                                        162,
                                        785.5714285714283,
                                        920,
                                        840.285714285714
                                    ],
                                    "spans": [],
                                    "index": 12
                                },
                                {
                                    "bbox": [
                                        162,
                                        840.285714285714,
                                        920,
                                        894.9999999999997
                                    ],
                                    "spans": [],
                                    "index": 13
                                }
                            ]
                        }
                    ],
                    "index": 9
                },
                {
                    "type": "text",
                    "bbox": [
                        39,
                        297,
                        104,
                        817
                    ],
                    "lines": [
                        {
                            "bbox": [
                                32,
                                290,
                                113,
                                824
                            ],
                            "spans": [
                                {
                                    "bbox": [
                                        32,
                                        290,
                                        113,
                                        824
                                    ],
                                    "score": 0.953,
                                    "content": "第五章 机床夹具设计",
                                    "type": "text"
                                }
                            ],
                            "index": 11
                        }
                    ],
                    "index": 11,
                    "bbox_fs": [
                        32,
                        290,
                        113,
                        824
                    ]
                },
                {
                    "type": "interline_equation",
                    "bbox": [
                        1049,
                        290,
                        1346,
                        466
                    ],
                    "lines": [
                        {
                            "bbox": [
                                1049,
                                290,
                                1346,
                                466
                            ],
                            "spans": [
                                {
                                    "bbox": [
                                        1049,
                                        290,
                                        1346,
                                        466
                                    ],
                                    "score": 0.95,
                                    "content": "\\Delta _ { \\mathrm { { w } } } ~ = ~ { \\frac { T _ { D } } { 2 \\sin { \\frac { \\alpha } { 2 } } } }",
                                    "type": "interline_equation",
                                    "image_path": "a7e9bb8820f091fd72bd33676fdbc9d52c35e581c5f001b4bd9a1379493164f0.jpg"
                                }
                            ]
                        }
                    ],
                    "index": 14.5,
                    "virtual_lines": [
                        {
                            "bbox": [
                                1049,
                                290,
                                1346,
                                378.0
                            ],
                            "spans": [],
                            "index": 14
                        },
                        {
                            "bbox": [
                                1049,
                                378.0,
                                1346,
                                466.0
                            ],
                            "spans": [],
                            "index": 15
                        }
                    ]
                },
                {
                    "type": "text",
                    "bbox": [
                        1001,
                        494,
                        1434,
                        688
                    ],
                    "lines": [
                        {
                            "bbox": [
                                999,
                                491,
                                1436,
                                539
                            ],
                            "spans": [
                                {
                                    "bbox": [
                                        999,
                                        491,
                                        1436,
                                        539
                                    ],
                                    "score": 0.986,
                                    "content": "随着α角度增大，△w减小，",
                                    "type": "text"
                                }
                            ],
                            "index": 16
                        },
                        {
                            "bbox": [
                                1002,
                                545,
                                1431,
                                591
                            ],
                            "spans": [
                                {
                                    "bbox": [
                                        1002,
                                        545,
                                        1431,
                                        591
                                    ],
                                    "score": 0.994,
                                    "content": "但当α过大，引起工件水平",
                                    "type": "text"
                                }
                            ],
                            "index": 17
                        },
                        {
                            "bbox": [
                                1000,
                                596,
                                1410,
                                645
                            ],
                            "spans": [
                                {
                                    "bbox": [
                                        1000,
                                        596,
                                        1410,
                                        645
                                    ],
                                    "score": 1.0,
                                    "content": "方向上定位不稳定。一般",
                                    "type": "text"
                                }
                            ],
                            "index": 18
                        },
                        {
                            "bbox": [
                                1000,
                                651,
                                1138,
                                691
                            ],
                            "spans": [
                                {
                                    "bbox": [
                                        1000,
                                        651,
                                        1041,
                                        691
                                    ],
                                    "score": 1.0,
                                    "content": "取",
                                    "type": "text"
                                },
                                {
                                    "bbox": [
                                        1042,
                                        653,
                                        1138,
                                        688
                                    ],
                                    "score": 0.64,
                                    "content": "\\tt a = 9 0 ^ { \\circ }",
                                    "type": "inline_equation",
                                    "image_path": "6a537aca6003e0e75bd973323b3d29054402a5d5e8ec40e91acce3fc3de6507e.jpg"
                                }
                            ],
                            "index": 19
                        }
                    ],
                    "index": 17.5,
                    "bbox_fs": [
                        999,
                        491,
                        1436,
                        691
                    ]
                },
                {
                    "type": "text",
                    "bbox": [
                        1059,
                        763,
                        1314,
                        891
                    ],
                    "lines": [
                        {
                            "bbox": [
                                1057,
                                763,
                                1315,
                                807
                            ],
                            "spans": [
                                {
                                    "bbox": [
                                        1057,
                                        763,
                                        1315,
                                        807
                                    ],
                                    "score": 0.999,
                                    "content": "定位误差的大小",
                                    "type": "text"
                                }
                            ],
                            "index": 20
                        },
                        {
                            "bbox": [
                                1166,
                                806,
                                1213,
                                850
                            ],
                            "spans": [
                                {
                                    "bbox": [
                                        1166,
                                        806,
                                        1213,
                                        850
                                    ],
                                    "score": 1.0,
                                    "content": "与",
                                    "type": "text"
                                }
                            ],
                            "index": 21
                        },
                        {
                            "bbox": [
                                1072,
                                849,
                                1305,
                                895
                            ],
                            "spans": [
                                {
                                    "bbox": [
                                        1072,
                                        849,
                                        1305,
                                        895
                                    ],
                                    "score": 1.0,
                                    "content": "标注方法有关",
                                    "type": "text"
                                }
                            ],
                            "index": 22
                        }
                    ],
                    "index": 21,
                    "bbox_fs": [
                        1057,
                        763,
                        1315,
                        895
                    ]
                },
                {
                    "type": "interline_equation",
                    "bbox": [
                        137,
                        900,
                        1442,
                        1051
                    ],
                    "lines": [
                        {
                            "bbox": [
                                137,
                                900,
                                1442,
                                1051
                            ],
                            "spans": [
                                {
                                    "bbox": [
                                        137,
                                        900,
                                        1442,
                                        1051
                                    ],
                                    "score": 0.74,
                                    "content": "\\Delta _ { p _ { i } } = \\Delta _ { { \\bf r } _ { 1 } } = \\frac { T _ { p } } { 2 s \\sin \\frac { \\alpha } { 2 } } { \\Delta _ { p _ { 2 } } } = \\Delta _ { { \\bf r } _ { 2 } } - \\Delta _ { p _ { 2 } } = \\frac { T _ { p } } { 2 } \\left( \\frac { 1 } { \\sin \\frac { \\alpha } { 2 } } - 1 \\right) \\Delta _ { p _ { 3 } } = \\Delta _ { { \\bf r } _ { 3 } } + \\Delta _ { p _ { 3 } } = \\frac { T _ { p } } { 2 } \\left( \\frac { 1 } { \\sin \\frac { \\alpha } { 2 } } + 1 \\right)",
                                    "type": "interline_equation",
                                    "image_path": "ffe572834a86ee5b51f76b78ba27f5daed8ee8d6ad32d1290776d3a8ac1c02a0.jpg"
                                }
                            ]
                        }
                    ],
                    "index": 24,
                    "virtual_lines": [
                        {
                            "bbox": [
                                137,
                                900,
                                1442,
                                950.3333333333334
                            ],
                            "spans": [],
                            "index": 23
                        },
                        {
                            "bbox": [
                                137,
                                950.3333333333334,
                                1442,
                                1000.6666666666667
                            ],
                            "spans": [],
                            "index": 24
                        },
                        {
                            "bbox": [
                                137,
                                1000.6666666666667,
                                1442,
                                1051.0
                            ],
                            "spans": [],
                            "index": 25
                        }
                    ]
                }
            ]
        }
    ],
    "_backend": "pipeline",
    "_version_name": "2.1.10"
}